WorkerId,AssignmentId,Approved?,attribute,answers,,,,,,,,,,,,,,,,,,,
A2XFO0X6RCS98M,3U0SRXB7CEO9XA80CWZCSHTW5PCRNJ,rejected,separation_1:26:00::,disjoint : 19,isolated : 19,apart : 20,asunder : 20,distinct : 20,separate : 20,unaccompanied : 20,,,,,,,,,,,,,
A03922113RU44GENR8ATX,3EF8EXOTT2EPLFIYZ4S5TJU2S7E1JU,rejected,16,disjoint : 17,unaccompanied : 17,apart : 18,distinct : 18,isolated : 19,separate : 20,,,,,,,,,,,,,,
A11DOB7V9YBL4S,3M1CVSFP61O21QZBQD571LZRAWCAQI,rejected,separation_1:26:00::,separate : 11,disjoint : 16,distinct : 16,unaccompanied : 16,apart : 20,asunder : 20,isolated : 20,,,,,,,,,,,,,
A1EQ2HDHF2WWSY,31Z0PCVWULYXA4T50ENIWZ8OTV4T7N,rejected,separation_1:26:00::,apart : 18,unaccompanied : 18,disjoint : 19,distinct : 19,asunder : 20,isolated : 20,separate : 20,,,,,,,,,,,,,
A2XFO0X6RCS98M,3IXQG4FA2UH1S1NHFPUHA1T8IET9BQ,rejected,separation_1:26:00::,apart : 19,disjoint : 19,unaccompanied : 19,asunder : 20,distinct : 20,isolated : 20,separate : 20,,,,,,,,,,,,,
A03922113RU44GENR8ATX,3LQ8PUHQFMB4UFJ6JBAQ95V9WHLIHY,rejected,18,unaccompanied : 17,disjoint : 18,distinct : 18,apart : 19,isolated : 19,separate : 20,,,,,,,,,,,,,,
A03922113RU44GENR8ATX,32SCWG5HIINGECMT0N96LB7V9HZP6F,rejected,18,inconsequential : 0,unimportant : 0,lightweight : 1,indifferent : 2,little : 3,great : 13,burning : 15,strategic : 16,chief : 17,heavy : 17,distinguished : 18,essential : 18,historic : 18,measurable : 18,central : 19,grand : 19,important : 19,serious : 19,big : 20,
A1ZKYRW46JBCDV,3DEL4X4EL74N65YQSXEFYFDRAQ1YXC,rejected,immediacy_1:07:02::,indirect : 0,mediate : 7,direct : 12,immediate : 20,,,,,,,,,,,,,,,,
A11DOB7V9YBL4S,3LPW2N6LKULXNDUBCQYV3BGUL3H5UC,rejected,immediacy_1:07:02::,indirect : 8,direct : 13,immediate : 20,,,,,,,,,,,,,,,,,
A37WXDYYT7RCZ0,3DY4FPOOA27M5FH9ENL32YN9RSERV0,rejected,immediacy_1:07:02::,indirect : 2,mediate : 2,direct : 19,immediate : 19,,,,,,,,,,,,,,,,
A19ZWBQT8A3LIR,3WMINLGALCMY7PPSLV4CHGAA6HBACD,rejected,modernity_1:07:00::,red-brick : 0,contemporary : 11,modern : 16,neo : 18,ultramodern : 20,,,,,,,,,,,,,,,
A1ZKYRW46JBCDV,3NC5L260MP5UC533MGZVQHFISB6OF0,rejected,difference_1:07:00::,divergent : 0,opposite : 0,antithetical : 1,disparate : 1,diverse : 11,various : 11,several : 13,contrasting : 17,distinct : 17,contrary : 20,different : 20,,,,,,,,,
A1EQ2HDHF2WWSY,3QY7M81QH85Y7L3I659QV8LSAIE7KW,rejected,difference_1:07:00::,contrasting : 19,different : 19,diverse : 19,various : 19,antithetical : 20,contrary : 20,disparate : 20,distinct : 20,divergent : 20,opposite : 20,,,,,,,,,,
A1ZKYRW46JBCDV,3MHW492WW1WV8Z4H9FPMGZTZL5FVMG,rejected,financial_condition,broke : 0,easy : 0,loaded : 0,moneyless : 0,poor : 0,unprovided_for : 0,pinched : 1,needy : 19,rich : 19,,,,,,,,,,,
A1EQ2HDHF2WWSY,3FK0YFF9P0ZEYMYQN7QD3VCCCYRVVX,rejected,financial_condition,broke : 0,poor : 0,unprovided_for : 0,moneyless : 1,needy : 1,pinched : 1,loaded : 20,rich : 20,,,,,,,,,,,,
A11YAGDS1WDZ72,3X0H8UUIT27BLJHRJMQ4EABJK3ZWS3,rejected,opacity_1:07:00::,foggy : 5,frosted : 6,glaucous : 8,semiopaque : 10,milky : 13,muddy : 15,solid : 16,light-tight : 20,opaque : 20,,,,,,,,,,,
A1KGCOR8OXYR72,3MB8LZR5BGCXM6SKAZA0ED3T52ILKI,rejected,opacity_1:07:00::,semiopaque : 11,foggy : 16,milky : 16,frosted : 17,glaucous : 17,muddy : 17,light-tight : 20,opaque : 20,solid : 20,,,,,,,,,,,
A3FCZNB9E8K3CX,3TUI152ZZC6672MBUUCEQK6O6261QL,rejected,opacity_1:07:00::,light-tight : 3,glaucous : 4,semiopaque : 10,muddy : 13,milky : 15,foggy : 20,frosted : 20,opaque : 20,solid : 20,,,,,,,,,,,
A1EQ2HDHF2WWSY,340UGXU9DZKEL79QIHG879ATYRIVU8,rejected,degree_1:07:00::,low : 0,reduced : 0,down : 1,last : 2,main : 10,big : 18,full : 18,strong : 18,advanced : 19,concentrated : 19,high : 19,violent : 19,deep : 20,extreme : 20,intense : 20,terrible : 20,,,,
A2XFO0X6RCS98M,35GCEFQ6I67BVX1H4U9A56XP9P4Z34,rejected,intrusiveness_1:07:00::,not_intrusive : 1,busy : 19,encroaching : 19,intrusive : 20,,,,,,,,,,,,,,,,
A11DOB7V9YBL4S,3JPSL1DZ5TIHYTMJALDQXR4M5LPANV,rejected,intrusiveness_1:07:00::,not_intrusive : 0,encroaching : 16,intrusive : 20,,,,,,,,,,,,,,,,,
A37WXDYYT7RCZ0,352YTHGROWWAM8KRYM8MF4LQRZK4H5,rejected,intrusiveness_1:07:00::,not_intrusive : 2,busy : 19,encroaching : 19,intrusive : 19,,,,,,,,,,,,,,,,
A3FCZNB9E8K3CX,33LKR6A5KF3JZIE3BY69VPHBQ94T1Q,rejected,obedience_1:07:00::,contrary : 0,disobedient : 0,recusant : 0,willful : 2,recalcitrant : 5,conformable : 16,duteous : 16,obedient : 19,acquiescent : 20,y2k_compliant : 20,,,,,,,,,,
A03922113RU44GENR8ATX,3FTYUGLFSV4B6BJPQV86TBC6Z3M5D2,rejected,1,contrary : 0,disobedient : 0,recusant : 3,willful : 3,conformable : 17,duteous : 17,acquiescent : 18,obedient : 20,,,,,,,,,,,,
A37WXDYYT7RCZ0,3A1PQ49WVI0TU9N8B4PKH6ENFFA1HP,rejected,obedience_1:07:00::,recalcitrant : 0,recusant : 0,willful : 0,contrary : 1,disobedient : 1,conformable : 17,duteous : 17,obedient : 17,y2k_compliant : 17,acquiescent : 18,,,,,,,,,,
A1ZKYRW46JBCDV,32KTQ2V7REYXBSRE6EKQOH42UDWM9R,rejected,lawfulness_1:07:00::,observant : 0,wrongful : 0,lawless : 1,unlawful : 1,lawful : 20,,,,,,,,,,,,,,,
A37WXDYYT7RCZ0,3PJ71Z61R5L0F35PDS1S4PGZW2219Z,rejected,lawfulness_1:07:00::,lawless : 1,unlawful : 3,wrongful : 3,lawful : 18,observant : 18,,,,,,,,,,,,,,,
A1DABMXVWWL0TR,3ZY8KE4ISKMMTE2918W3X8D4V6CQVY,rejected,0,lawless : 0,unlawful : 0,observant : 11,lawful : 20,,,,,,,,,,,,,,,,
A37WXDYYT7RCZ0,358UUM7WR0MKUPGDWPINWK765A7R78,rejected,susceptibility_1:26:00::,immunised : 3,immunogenic : 3,incapable : 3,insusceptible : 4,resistant : 4,unpersuadable : 4,unresponsive : 4,convincible : 15,liable : 15,open : 15,pliable : 15,suggestible : 15,susceptible : 15,temptable : 15,unvaccinated : 15,allergic : 16,amenable : 16,predisposed : 16,vulnerable : 16,
A2XFO0X6RCS98M,3X31TUMD7Y5VG56Y2P4I9Y7UWWIL1F,rejected,texture_1:07:00::,nongranular : 0,powdered : 0,superfine : 0,dustlike : 1,fine : 1,fine-grained : 1,floury : 1,plush-like : 1,open : 2,small : 2,close : 19,coarse-grained : 20,granular : 20,granulated : 20,harsh : 20,,,,,
A3OE4LKJ2ORFZS,3PPTZCWALR332Y7J25L6IEQ0JHIQZY,rejected,texture_1:07:00::,granulated : 0,harsh : 0,superfine : 0,coarse-grained : 1,granular : 1,fine-grained : 18,fine : 19,floury : 19,nongranular : 19,powdered : 19,dustlike : 20,plush-like : 20,,,,,,,,
A1DABMXVWWL0TR,3FE2ERCCZYR63ISX0JV02BTMUHTOP3,rejected,19,open : 0,small : 0,fine : 9,close : 10,harsh : 16,nongranular : 17,dustlike : 19,coarse-grained : 20,fine-grained : 20,floury : 20,granular : 20,granulated : 20,powdered : 20,superfine : 20,,,,,,
A3QJ14Y7N8VQ42,3A1COHJ8NKEB597TAPYZWG1VTLG8HG,rejected,susceptibility_1:26:00::,immunised : 0,insusceptible : 0,resistant : 0,unresponsive : 0,immunogenic : 1,pliable : 1,unpersuadable : 1,open : 12,allergic : 19,convincible : 19,incapable : 19,predisposed : 19,suggestible : 19,susceptible : 19,unvaccinated : 19,amenable : 20,liable : 20,temptable : 20,vulnerable : 20,
A2XFO0X6RCS98M,3R8YZBNQ9I1KIO1DJATNRUX19O6Q77,rejected,staleness_1:07:01::,cold : 17,corrupt : 18,day-old : 18,hard : 18,putrid : 18,addled : 19,bad : 19,moldy : 19,rancid : 19,stale : 19,limp : 20,maggoty : 20,putrescent : 20,rotten : 20,,,,,,
A37WXDYYT7RCZ0,31Q0U3WYDQYW1KHWYV38QTPT1CE71T,rejected,fear_1:12:00::,horrified : 0,shitless : 0,terror-stricken : 0,acrophobic : 1,afraid : 1,agoraphobic : 1,alarmed : 1,algophobic : 1,claustrophobic : 1,fearful : 1,frightened : 1,hydrophobic : 1,mysophobic : 1,afeard : 2,apprehensive : 2,numb : 10,shocked : 10,fearless : 20,,
A3QJ14Y7N8VQ42,3HYA4D452S2G5YEYZI1YJ4CFR6B2F9,rejected,thoughtfulness_1:07:00::,thoughtless : 0,unreflective : 0,inconsiderate : 1,brooding : 19,thoughtful : 19,cogitative : 20,deliberative : 20,excogitative : 20,lost : 20,well_thought_out : 20,,,,,,,,,,
A37WXDYYT7RCZ0,3D4CH1LGEBCXJIVSVBMVBCK5YRL9G7,rejected,thoughtfulness_1:07:00::,inconsiderate : 2,thoughtless : 3,unreflective : 3,cogitative : 19,deliberative : 19,excogitative : 19,thoughtful : 19,well_thought_out : 19,brooding : 20,lost : 20,,,,,,,,,,
A3RS7UCO7CQ74R,3Z7VU45IPZ0FLUN2HQVRHDISB5QZ1C,rejected,good_1:07:01::,goody-goody : 16,angelic : 18,good : 20,,,,,,,,,,,,,,,,,
A1DABMXVWWL0TR,3K5TEWLKGWU9CGEQO0RUO6MI4WVVI0,rejected,20,white : 11,saving : 15,good : 20,goody-goody : 20,,,,,,,,,,,,,,,,
A2XFO0X6RCS98M,3TOK3KHVJU1HXCOX4X1J2P21UNO7OG,rejected,fullness_1:26:00::,empty : 0,vacant : 0,void : 0,bare : 1,looted : 1,riddled : 2,lifeless : 3,white : 6,instinct : 10,glazed : 15,brimful : 19,congested : 19,flooded : 19,loaded : 19,filled : 20,full : 20,heavy : 20,pregnant : 20,stuffed : 20,untouched : 20
A03922113RU44GENR8ATX,3S3AMIZX3VOW5WS455VE7HIGRK8CDH,rejected,0,efficacious : 18,effective : 20,,,,,,,,,,,,,,,,,,
A37WXDYYT7RCZ0,3IHR8NYAM8K2ZPIFHZGRODNHDQTP4U,rejected,efficacy_1:07:00::,inefficacious : 2,effective : 17,efficacious : 18,,,,,,,,,,,,,,,,,
A3454T4PU9GJM0,37WLF8U1WQ9F3LPDNV4YPULWF7U6KW,rejected,efficacy_1:07:00::,effective : 15,,,,,,,,,,,,,,,,,,,
A2XFO0X6RCS98M,3C2NJ6JBKB0STQRFX6KBR9LOTXX2NG,rejected,repute_1:26:00::,damaged : 0,disreputable : 0,shady : 1,sordid : 1,notorious : 2,discreditable : 19,good : 19,respected : 19,honored : 20,redoubtable : 20,reputable : 20,time-honored : 20,,,,,,,,
A1ZKYRW46JBCDV,37UEWGM5HUR6J31B791EVAGT2O7R1B,rejected,repute_1:26:00::,damaged : 0,discreditable : 0,disreputable : 0,sordid : 0,time-honored : 0,honored : 1,redoubtable : 1,shady : 1,good : 8,notorious : 20,reputable : 20,respected : 20,,,,,,,,
A1EQ2HDHF2WWSY,34MAJL3QP56VS0DSJ1JKBAKG8U243Y,rejected,convenience_1:07:00::,inconvenient : 0,awkward : 1,favorable : 19,convenient : 20,handy : 20,,,,,,,,,,,,,,,
A1ZKYRW46JBCDV,37Q970SNZFRIKI1OMY1JLKLPOQQS10,rejected,convenience_1:07:00::,awkward : 0,inconvenient : 0,handy : 11,favorable : 17,convenient : 20,,,,,,,,,,,,,,,
A1ZKYRW46JBCDV,3WQ3B2KGE9ZJ3WKMBCFOVVBPK251B9,rejected,truth_1:26:00::,apodeictic : 0,false : 0,specious : 0,mendacious : 1,trumped-up : 1,untrue : 1,sure : 6,true : 19,real : 20,truthful : 20,,,,,,,,,,
A37WXDYYT7RCZ0,3L0KT67Y8FZFAOCRYN8SZ7WZVBZSYY,rejected,truth_1:26:00::,specious : 0,trumped-up : 0,false : 1,untrue : 1,mendacious : 19,real : 19,true : 19,truthful : 19,apodeictic : 20,sure : 20,,,,,,,,,,
A03922113RU44GENR8ATX,3UXUOQ9OKFGSV8UWUEW11UIW56KA7K,rejected,18,icy : 0,cold : 1,cool : 2,refrigerated : 3,chilly : 4,cutting : 6,thermal : 10,white : 13,lukewarm : 14,fervent : 16,warm : 16,crisp : 17,stifling : 17,tropical : 18,baking : 19,hot : 19,fiery : 20,sizzling : 20,,
A2DWQF4ZHHBLOW,3PDJHANYK6ZO1VO5HA11C254NQQ6HS,rejected,0,mendacious : 0,specious : 0,trumped-up : 0,untrue : 1,sure : 14,real : 19,true : 19,apodeictic : 20,truthful : 20,,,,,,,,,,,
A2A07J1P6YEW6Z,39JEC7537VKIZDSQWQV8D3ONRRBVCY,rejected,truth_1:26:00::,false : 0,untrue : 0,specious : 4,apodeictic : 5,real : 14,truthful : 16,sure : 20,true : 20,,,,,,,,,,,,
A61GHYNS1DFT7,3R6BYFZZP8VH6EHVN7MR9U6B4FBXFE,rejected,13,icy : 1,cold : 3,chilly : 5,cool : 5,refrigerated : 7,lukewarm : 10,thermal : 10,tropical : 13,warm : 13,hot : 15,white : 15,baking : 17,fervent : 17,stifling : 17,fiery : 19,sizzling : 19,,,,
A37WXDYYT7RCZ0,3M23Y66PO3QDR42LS4D0GGC6W16S6Y,rejected,temperature_1:07:00::,cutting : 1,icy : 1,cold : 4,crisp : 5,refrigerated : 5,caller : 6,chilly : 6,cool : 7,lukewarm : 11,warm : 13,heated : 16,thermal : 16,tropical : 16,hot : 17,baking : 18,stifling : 18,fervent : 20,fiery : 20,sizzling : 20,white : 20
A03922113RU44GENR8ATX,3H8DHMCCWAUEOU4SXICCV0VOWUUDKA,rejected,17,icy : 0,refrigerated : 1,cold : 2,chilly : 3,cutting : 3,crisp : 4,cool : 5,lukewarm : 14,warm : 16,fervent : 17,thermal : 17,hot : 18,stifling : 18,white : 18,baking : 19,fiery : 19,tropical : 19,sizzling : 20,,
A1ZKYRW46JBCDV,3907X2AHF1OSWB3SDLX3VYQJTCXP2Y,rejected,interest_1:07:02::,narcotic : 0,putdownable : 0,insipid : 1,pedestrian : 1,slow : 1,uninteresting : 1,entertaining : 7,ponderous : 13,newsworthy : 17,fascinating : 19,intriguing : 19,amusing : 20,interesting : 20,,,,,,,
A03922113RU44GENR8ATX,34MAJL3QP56VS0DSJ1JKBAKG8U343Z,rejected,19,uninteresting : 0,insipid : 1,pedestrian : 1,slow : 1,narcotic : 2,putdownable : 3,amusing : 18,newsworthy : 18,entertaining : 19,intriguing : 19,ponderous : 19,interesting : 20,,,,,,,,
A2XFO0X6RCS98M,39GAF6DQWSJYCAISGT6OW75WNUL1VF,rejected,currentness_1:07:00::,dead : 0,obsolescent : 0,obsolete : 0,occurrent : 0,outdated : 0,noncurrent : 1,back : 3,actual : 17,circulating : 19,contemporary : 19,on-line : 19,topical : 19,up-to-date : 19,current : 20,incumbent : 20,latest : 20,live : 20,on-going : 20,underway : 20,
A3FCZNB9E8K3CX,38BQUHLA9XJ0IFVK8338L7ZRPCIOM7,rejected,formality_1:07:00::,informal : 0,nonliterary : 0,daily : 1,folksy : 2,common : 5,stiff : 5,nominal : 8,subliterary : 10,conventional : 12,perfunctory : 14,conversational : 16,dress : 16,positive : 16,ceremonial : 18,epistolatory : 18,form-only : 18,black-tie : 19,literary : 19,casual : 20,formal : 20
A61GHYNS1DFT7,3GDTJDAPVVUXXN841MECOL9RA7EM82,rejected,18,folksy : 2,perfunctory : 2,subliterary : 2,informal : 4,conversational : 6,daily : 6,nonliterary : 6,casual : 8,common : 8,conventional : 8,nominal : 11,dress : 13,form-only : 13,stiff : 13,epistolatory : 16,literary : 16,formal : 18,ceremonial : 20,,
A1ZKYRW46JBCDV,3V5Q80FXIYALPMY5FN0WIVNIOG6230,rejected,quality_1:07:00::,bad : 0,counter : 0,hard : 0,hot : 0,negative : 1,poor : 1,severe : 1,sorry : 1,hopeless : 2,pretty : 2,terrible : 2,constructive : 4,rubber : 6,optimistic : 9,positive : 9,satisfactory : 9,solid : 11,good : 14,great : 20,ill : 20
A11DOB7V9YBL4S,32AT8R96GMSYTFSMOMB3WMQMZNOUS2,rejected,quality_1:07:00::,negative : 0,terrible : 0,bad : 3,hopeless : 3,poor : 3,satisfactory : 11,good : 16,positive : 16,great : 18,pretty : 18,solid : 20,,,,,,,,,
A1ZKYRW46JBCDV,34S9DKFK748IUBKMQRR60DMT8CRYNS,rejected,evil_1:07:00::,black : 0,ugly : 1,corruptive : 7,monstrous : 14,bad : 16,devilish : 18,diabolical : 18,evil : 20,evil-minded : 20,,,,,,,,,,,
A1IDWVMMK7QUA5,3IRIK4HM3B3XKNDPVIN01B8OAYL6CJ,rejected,rightness_1:07:00::,criminal : 1,wrong : 1,base : 5,mistaken : 9,ethical : 20,right : 20,,,,,,,,,,,,,,
A2XFO0X6RCS98M,3J2UYBXQQMVDQVI9J2UG6A6N19O06K,rejected,rightness_1:07:00::,base : 0,criminal : 0,wrong : 0,mistaken : 1,ethical : 20,right : 20,,,,,,,,,,,,,,
A1ZKYRW46JBCDV,3QUO65DNQV7JVN0TH5UUCHGL2YLOUZ,rejected,rightness_1:07:00::,base : 0,criminal : 0,mistaken : 1,wrong : 1,ethical : 15,right : 20,,,,,,,,,,,,,,
AF1MN25P3XFLG,3II4UPYCOKQ0ZX2NANW9RM7XVZ8QDZ,rejected,currentness_1:07:00::,back : 0,dead : 0,noncurrent : 0,obsolescent : 0,obsolete : 0,outdated : 0,occurrent : 12,on-going : 12,underway : 13,circulating : 14,contemporary : 16,actual : 18,incumbent : 18,latest : 19,on-line : 19,topical : 19,current : 20,live : 20,up-to-date : 20,
A03922113RU44GENR8ATX,39U1BHVTDMAF9LSIY2KSJIW8OTJ3TT,rejected,2,back : 0,noncurrent : 0,obsolete : 0,outdated : 1,up-to-date : 1,occurrent : 16,actual : 17,on-going : 17,on-line : 17,circulating : 18,incumbent : 18,topical : 18,underway : 18,latest : 19,obsolescent : 19,contemporary : 20,current : 20,live : 20,,
A3T8J0PN3DLSTM,3HMVI3QICKBFG4DXL4T8369Q5L11YM,rejected,0,obsolete : 1,outdated : 1,obsolescent : 3,noncurrent : 5,back : 6,contemporary : 17,current : 20,latest : 20,live : 20,occurrent : 20,on-going : 20,on-line : 20,topical : 20,underway : 20,up-to-date : 20,,,,,
A1EQ2HDHF2WWSY,3T111IHZ5F9O8846BMG7AGYC00VR9K,rejected,purity_1:26:00::,adulterated : 0,contaminated : 0,dirty : 0,impure : 0,unpurified : 0,alloyed : 1,bastardised : 1,fine : 18,fresh : 18,native : 18,axenic : 19,light : 19,unadulterated : 19,unalloyed : 19,uncontaminated : 19,pristine : 20,pure : 20,,,
A03922113RU44GENR8ATX,3P4MQ7TPPYVKGU2ED98D17OY6EWBB2,rejected,1,contaminated : 0,impure : 0,alloyed : 1,dirty : 1,adulterated : 2,bastardised : 2,technical-grade : 4,sublimate : 5,native : 15,plain : 17,unadulterated : 17,unalloyed : 17,axenic : 18,fine : 18,uncontaminated : 18,fresh : 19,pristine : 19,light : 20,pure : 20,
A2XFO0X6RCS98M,3PJ71Z61R5L0F35PDS1S4PGZW22917,rejected,sociality_1:07:00::,alone : 0,antisocial : 0,asocial : 0,unsocial : 0,lonely : 1,withdrawn : 1,gregarious : 19,interpersonal : 19,cultural : 20,multi-ethnic : 20,social : 20,,,,,,,,,
A3FCZNB9E8K3CX,3Y5140Z9DYZW7WHU2OIVIEX0I8UPI9,rejected,sociality_1:07:00::,alone : 0,antisocial : 0,asocial : 0,withdrawn : 0,unsocial : 2,interpersonal : 4,gregarious : 14,multi-ethnic : 17,cultural : 19,lonely : 20,social : 20,,,,,,,,,
A1LSEVXPEYMJL7,3JMSRU9HQJDXWBC4SH133ROQC3OVER,rejected,numerousness_1:07:00::,a_couple_of : 0,hardly_a : 0,galore : 1,few : 2,some : 9,many : 11,many_a : 18,umpteen : 19,numerous : 20,,,,,,,,,,,
A2XFO0X6RCS98M,3VELCLL3GL29GDW2GE1KEL2AZ0XF15,rejected,cyclicity_1:07:00::,alternate : 1,noncyclic : 1,circular : 20,cyclical : 20,,,,,,,,,,,,,,,,
A37WXDYYT7RCZ0,3U4J9857OFUXEIZO0SWXW522NO57BC,rejected,cyclicity_1:07:00::,alternate : 1,noncyclic : 1,circular : 19,cyclical : 19,,,,,,,,,,,,,,,,
A1DABMXVWWL0TR,3DUZQ9U6SN7Y6UHMTCL8S8S5DUXVSS,rejected,20,noncyclic : 0,alternate : 8,circular : 20,,,,,,,,,,,,,,,,,
A2XFO0X6RCS98M,34PGFRQONPUIMGY1WSHQM9KWOKMWJN,rejected,orthodoxy_1:07:00::,dissident : 0,unorthodox : 0,nonconformist : 1,unreformed : 1,iconoclastic : 2,recusant : 3,antiheretical : 19,reformed : 19,conformist : 20,established : 20,orthodox : 20,sanctioned : 20,traditional : 20,,,,,,,
A3FCZNB9E8K3CX,384PI804XTKIDTG6QFXJ7F2FJYKS0X,rejected,shape_1:07:00::,malposed : 0,unbent : 0,wry : 0,akimbo : 1,awry : 1,reflexed : 4,anfractuous : 5,untwisted : 6,windblown : 6,geniculate : 8,straight : 8,knotted : 9,twisting : 10,warped : 10,squiggly : 15,contorted : 17,crooked : 18,refractive : 18,hooked : 19,aligned : 20
A11DOB7V9YBL4S,3300DTYQT305R3GN6I7TX4PIVC6EQF,rejected,shape_1:07:00::,aligned : 0,reflexed : 0,straight : 4,unbent : 4,untwisted : 4,akimbo : 15,awry : 15,geniculate : 15,hooked : 15,twisting : 15,warped : 15,wry : 15,contorted : 18,crooked : 18,knotted : 18,squiggly : 18,,,,
A38NFX88VZDMJ3,3R08VXYT7DEP2LXZVJSTJJFNXQL7WS,rejected,shape_1:07:00::,aligned : 1,unbent : 1,malposed : 3,wry : 11,anfractuous : 13,refractive : 14,windblown : 14,reflexed : 15,awry : 16,straight : 16,untwisted : 17,contorted : 18,knotted : 18,warped : 18,geniculate : 19,squiggly : 19,crooked : 20,hooked : 20,twisting : 20,
A3FCZNB9E8K3CX,33OOO72IVI43MLO1RVVTCL02U6VTCG,rejected,regularity_1:07:00::,irregular : 0,randomised : 0,unconventional : 0,crooked : 1,occasional : 1,weak : 1,first-string : 2,timed : 3,stock : 9,strong : 13,uniform : 13,well-ordered : 18,lawful : 20,official : 20,regular : 20,,,,,
A37WXDYYT7RCZ0,3NGI5ARFTUOL7QLWUHXPQFGE16JP1H,rejected,regularity_1:07:00::,randomised : 0,crooked : 1,occasional : 1,irregular : 2,strong : 2,unconventional : 2,lawful : 18,timed : 18,regular : 19,stock : 19,weak : 19,well-ordered : 19,official : 20,uniform : 20,,,,,,
A11DOB7V9YBL4S,34J10VATJGHH78I921XKIJNAN4HQI2,rejected,orientation_1:24:00::,skew : 4,upended : 4,inclined : 8,leaning : 8,salient : 8,sloping : 8,horizontal : 16,upright : 16,vertical : 16,flat : 20,level : 20,,,,,,,,,
A3OE4LKJ2ORFZS,33IZTU6J82KQAJMHTRMQGTPQT55SXS,rejected,state_of,concrete : 0,solid : 0,solid-state : 0,coagulated : 6,congealed : 6,semisolid : 6,aeriform : 11,aerosolized : 11,gaseous : 11,gassy : 11,vaporific : 11,evaporated : 15,liquefiable : 15,semiliquid : 15,fluid : 20,liquid : 20,watery : 20,,,
A1ZKYRW46JBCDV,3L4PIM1GQUZ399CEJY8N9XR399GRY9,rejected,state_of,evaporated : 0,semisolid : 0,coagulated : 1,congealed : 1,dry : 1,vaporific : 1,aerosolized : 2,solid : 2,concrete : 10,liquefiable : 11,semiliquid : 11,watery : 14,fluid : 16,gaseous : 16,gassy : 16,liquid : 16,aeriform : 18,solid-state : 20,,
A11DOB7V9YBL4S,3X65QVEQI16F38GWIMT2QUQL0U5LC3,rejected,state_of,aeriform : 3,aerosolized : 3,evaporated : 3,gaseous : 3,gassy : 3,vaporific : 3,fluid : 8,liquefiable : 8,liquid : 8,watery : 8,coagulated : 14,congealed : 14,semiliquid : 14,semisolid : 14,concrete : 20,solid : 20,solid-state : 20,,,
A3GLMBZSG3VU4P,3WT783CTPC03QZUKR948CRUGO0EBCT,rejected,orientation_1:24:00::,inclined : 0,skew : 0,sloping : 0,flat : 1,crosswise : 3,swimming : 3,upended : 5,leaning : 8,horizontal : 18,upright : 18,vertical : 18,sidelong : 19,level : 20,plumb : 20,,,,,,
A3VE5OH94HYHET,3RKNTXVS3NHVCLCDSGYUYIYME4U4AU,rejected,orientation_1:24:00::,salient : 0,leaning : 1,skew : 3,pitched : 4,crosswise : 14,high-pitched : 15,low-pitched : 15,level : 16,horizontal : 17,vertical : 17,flat : 18,inclined : 18,upended : 19,upright : 19,sidelong : 20,sloping : 20,,,,
A2XFO0X6RCS98M,3O6CYIULEEKR0W9V8RL4TBT750KWUJ,rejected,generality_1:07:00::,particular : 0,unique : 0,circumstantial : 1,special : 1,gross : 13,ad_hoc : 18,overall : 19,pandemic : 19,proper : 19,all-purpose : 20,broad : 20,general : 20,universal : 20,widespread : 20,,,,,,
A3QJ14Y7N8VQ42,33C7UALJVMH01YMF80VE4TLOCWK81H,rejected,generality_1:07:00::,ad_hoc : 0,unique : 0,circumstantial : 1,gross : 1,special : 1,particular : 2,proper : 18,broad : 19,general : 19,overall : 19,pandemic : 19,all-purpose : 20,universal : 20,widespread : 20,,,,,,
A37WXDYYT7RCZ0,3GU1KF0O4JKMKO3OWEQEWRTNNIAPB0,rejected,generality_1:07:00::,proper : 0,unique : 0,ad_hoc : 4,particular : 4,special : 4,circumstantial : 5,broad : 19,general : 19,gross : 19,overall : 19,widespread : 19,all-purpose : 20,pandemic : 20,universal : 20,,,,,,
A1ZKYRW46JBCDV,3TS1AR6UQRXNRZB45UITFVTN2MX7FU,rejected,seriousness_1:07:00::,flippant : 0,light : 0,trivial : 0,overserious : 1,silly : 1,scatterbrained : 2,sobering : 2,solid : 2,thoughtful : 2,frivolous : 3,real : 3,grave : 13,earnest : 15,serious : 20,,,,,,
A26TY8FHMJ183C,3FIJLY1B6VNCX5F41GCAFHK82G2PFI,rejected,seriousness_1:07:00::,scatterbrained : 0,silly : 0,frivolous : 1,flippant : 2,trivial : 2,light : 3,solid : 11,real : 14,thoughtful : 16,earnest : 17,serious : 18,sobering : 19,grave : 20,overserious : 20,,,,,,
A3T8J0PN3DLSTM,3RUIQRXJBC786CA2VZM1TDG8U3LLLL,rejected,0,flippant : 0,frivolous : 0,trivial : 0,scatterbrained : 1,silly : 1,earnest : 18,solid : 18,real : 19,serious : 19,sobering : 19,thoughtful : 19,grave : 20,overserious : 20,,,,,,,
A2XFO0X6RCS98M,3TMSXRD2X7JBRZIX63BKI9OAU3N1WP,rejected,body_weight,shriveled : 0,thin : 1,wasted : 1,loose-jowled : 2,skinny : 2,wiry : 2,wispy : 2,paunchy : 3,reedy : 3,slight : 4,gross : 6,deep-eyed : 16,lanky : 18,spare : 19,weighty : 19,buxom : 20,fat : 20,heavy : 20,plump : 20,stout : 20
A2W8Y6SXXA1BO4,3XLBSAQ9Z5VTWG2466C0IN95ERQZ79,rejected,body_weight,deep-eyed : 0,shriveled : 0,wasted : 1,wispy : 1,skinny : 2,thin : 3,lanky : 4,reedy : 4,slight : 5,wiry : 6,buxom : 15,plump : 15,heavy : 16,paunchy : 17,weighty : 18,fat : 19,stout : 19,,,
A3FCZNB9E8K3CX,30BXRYBRP5GMVA3B8SE5AW4HBSIWHI,rejected,body_weight,deep-eyed : 0,gross : 0,shriveled : 0,slight : 0,thin : 1,wiry : 1,wispy : 1,spare : 2,reedy : 4,wasted : 4,lanky : 6,skinny : 7,loose-jowled : 9,stout : 10,heavy : 13,buxom : 15,plump : 15,paunchy : 18,weighty : 18,fat : 20
A3GLMBZSG3VU4P,3VW04L3ZLUPY608GN1SDF16I8K7XX5,rejected,happiness_1:26:00::,suffering : 1,unhappy : 1,lovesick : 4,golden : 16,bright : 19,blissful : 20,happy : 20,laughing : 20,,,,,,,,,,,,
A1EQ2HDHF2WWSY,3LRKMWOKB60MAF5Y0UV5MWSX3B4Z2T,rejected,prolixity_1:10:00::,brief : 0,concise : 0,curt : 0,elliptical : 1,epigrammatic : 2,pithy : 18,redundant : 19,cryptic : 20,tedious : 20,verbal : 20,,,,,,,,,,
A3OE4LKJ2ORFZS,34V1S5K3GTKVMP6MJYD9ZL7G4DI692,rejected,prolixity_1:10:00::,brief : 0,concise : 0,summary : 0,curt : 1,pithy : 1,cryptic : 6,telegraphic : 6,diffuse : 20,prolix : 20,redundant : 20,tedious : 20,,,,,,,,,
A3GLMBZSG3VU4P,3HVVDCPGTFBGPOP6NNDI9CSLXUDTYO,rejected,nature_1:07:01::,choleric : 0,churlish : 0,dark : 0,irritable : 1,sulky : 1,currish : 2,disagreeable : 2,gruff : 2,ornery : 2,ill-natured : 3,snappy : 3,ugly : 3,nagging : 5,spoiled : 8,waspish : 11,placid : 16,amiable : 20,good-natured : 20,,
A1ZKYRW46JBCDV,3OVHNO1VE7K9DP3EXJFMIFJ102TZD2,rejected,nature_1:07:01::,currish : 0,gruff : 0,irritable : 0,ornery : 0,waspish : 0,cross : 1,disagreeable : 1,spoiled : 1,sulky : 1,ugly : 1,dark : 4,placid : 7,ill-natured : 13,nagging : 13,snappy : 14,amiable : 15,churlish : 15,dyspeptic : 15,choleric : 17,good-natured : 19
A3FCZNB9E8K3CX,3P1L2B7AD28GCXDZ8R2TLUK2P7SOL5,rejected,evenness_1:07:00::,cross-grained : 0,jagged : 0,pebble-grained : 0,ragged : 0,uneven : 0,irregular : 1,lumpy : 1,untrue : 2,patchy : 5,wavy : 6,true : 7,lap-jointed : 13,flatbottom : 14,flush : 14,straight-grained : 18,unparallel : 18,level : 19,even : 20,justified : 20,
A1DABMXVWWL0TR,3JV9LGBJWUX0Q5ZYX05D82FUTQ6OGZ,rejected,0,cross-grained : 0,patchy : 0,pebble-grained : 0,uneven : 0,unparallel : 0,irregular : 1,lumpy : 1,untrue : 2,ragged : 3,lap-jointed : 4,flatbottom : 13,straight-grained : 15,true : 18,even : 20,flush : 20,justified : 20,level : 20,wavy : 20,,
A3GLMBZSG3VU4P,3IXEICO7932E64F0H4IQQL8SYKKT6O,rejected,temporal_relation,above-mentioned : 0,foregoing : 0,premedical : 0,succeeding : 0,above : 2,in_line : 5,preparatory : 8,introductory : 15,postmortem : 17,retrograde : 17,anterograde : 19,consecutive : 19,ensuing : 20,following : 20,next : 20,old : 20,preceding : 20,,,
A11DOB7V9YBL4S,3PB5A5BD0WPT5Z7ZGEOBXGTZ3277G5,rejected,temporal_relation,,,,,,,,,,,,,,,,,,,,
A61GHYNS1DFT7,3G2UL9A02EXR86IT41FPLPGA9NU76R,rejected,20,unworthy : 3,unmeritorious : 6,creditable : 12,model : 12,notable : 12,worth : 12,worthwhile : 12,quotable : 14,valuable : 14,worthy : 14,commendable : 16,cum_laude : 16,meritorious : 16,magna_cum_laude : 17,precious : 18,summa_cum_laude : 18,,,,
A37WXDYYT7RCZ0,3TYCR1GOTD2SB1R6A0DA1SR69BVZLI,rejected,worthiness_1:07:00::,unmeritorious : 1,unworthy : 1,creditable : 16,notable : 16,quotable : 16,worthy : 16,commendable : 17,cum_laude : 17,worth : 17,meritorious : 18,valuable : 18,worthwhile : 18,magna_cum_laude : 19,precious : 19,model : 20,sacred : 20,summa_cum_laude : 20,,,
A3QJ14Y7N8VQ42,3LEIZ60CDKIXAZQXL3AKWJ0B9HEZ9L,rejected,size_1:07:00::,atomic : 0,little : 0,minute : 0,tiny : 0,lesser : 1,slim : 1,smaller : 1,deep : 18,double : 18,extended : 19,large : 19,vast : 19,cosmic : 20,enormous : 20,giant : 20,grand : 20,great : 20,heroic : 20,massive : 20,wide : 20
A1ZKYRW46JBCDV,386PBUZZXGG2BMM2SEAODY3GQDILJJ,rejected,size_1:07:00::,cosmic : 0,deep : 0,double : 0,extended : 0,heroic : 0,smaller : 0,tiny : 0,lesser : 1,minute : 1,slim : 1,atomic : 12,enormous : 17,giant : 17,massive : 17,large : 19,vast : 19,grand : 20,great : 20,little : 20,wide : 20
A1EQ2HDHF2WWSY,3Z4GS9HPNWTAC6WYNBKHR3G64YE77Q,rejected,size_1:07:00::,atomic : 0,little : 0,minute : 0,tiny : 0,lesser : 1,slim : 1,smaller : 1,double : 18,extended : 18,wide : 18,deep : 19,great : 19,large : 19,massive : 19,cosmic : 20,enormous : 20,giant : 20,grand : 20,vast : 20,
A1ZKYRW46JBCDV,3CFVK00FWM4QNR7V8VGZ4UYB47Z6LZ,rejected,commerce_1:04:00::,blue-sky : 0,mercenary : 0,technical : 0,mercantile : 1,noncommercial : 1,nonprofit : 1,uncommercial : 1,commercial : 16,,,,,,,,,,,,
A11DOB7V9YBL4S,3JMSRU9HQJDXWBC4SH133ROQC3PEVB,rejected,commerce_1:04:00::,noncommercial : 0,uncommercial : 0,nonprofit : 5,commercial : 17,technical : 17,mercantile : 20,mercenary : 20,,,,,,,,,,,,,
A3QJ14Y7N8VQ42,3PJUZCGDJ7ZIQ3PACDA7JZ37A8889Q,rejected,alarm_1:12:00::,unalarming : 0,appalling : 10,formidable : 12,alarming : 19,chilling : 19,creepy : 19,hairy : 20,nightmarish : 20,petrifying : 20,stupefying : 20,terrible : 20,threatening : 20,,,,,,,,
A03922113RU44GENR8ATX,3DHE4R9OCXUMJYATA27G1PCRSLBG2M,rejected,18,unalarming : 0,sick : 11,terrible : 16,creepy : 17,formidable : 17,hairy : 17,ugly : 17,appalling : 18,chilling : 18,petrifying : 18,nightmarish : 19,threatening : 19,alarming : 20,,,,,,,
A03922113RU44GENR8ATX,3PM8NZGV8ZZEX3741NXLLTAPBHKXQ8,rejected,0,low : 0,squat : 0,deep : 1,low-lying : 1,steep : 1,flat-growing : 2,low-level : 2,under : 3,high-topped : 16,high-stepped : 17,towering : 17,upper : 17,altitudinous : 18,high-level : 18,commanding : 19,high : 20,,,,
A1ZKYRW46JBCDV,3NLZY2D53Q8JX9QFN4UXAZF248ALQA,rejected,height_1:07:00::,flat-growing : 0,squat : 0,under : 0,commanding : 1,deep : 1,high-stepped : 1,low-lying : 1,steep : 1,low-level : 2,low-set : 2,low : 5,upper : 7,high : 11,high-level : 13,high-topped : 13,towering : 13,altitudinous : 15,,,
A1ZKYRW46JBCDV,3GD6L00D3TGFMNOJ215X9BMJW191MY,rejected,temporal_relation,above-mentioned : 0,consecutive : 0,preceding : 0,premedical : 0,succeeding : 0,above : 1,anterograde : 1,ensuing : 1,foregoing : 1,introductory : 1,preparatory : 1,retrograde : 2,old : 3,next : 5,following : 7,in_line : 15,postmortem : 20,,,
A1EQ2HDHF2WWSY,3QFUFYSY9ZYQ8CTL3WKMCJ9DBK74F7,rejected,sensitivity_1:07:00::,dead : 0,unreactive : 0,insensitive : 1,nociceptive : 1,delicate : 19,irritable : 19,photosensitive : 19,radiosensitive : 19,erogenous : 20,highly_sensitive : 20,responsive : 20,sensitive : 20,,,,,,,,
A37WXDYYT7RCZ0,3I0BTBYZAY4F9FSFPLP8P1QG0JH0YK,rejected,sensitivity_1:07:00::,dead : 0,insensitive : 2,unreactive : 2,sensitive : 18,delicate : 19,erogenous : 19,irritable : 19,nociceptive : 19,photosensitive : 19,radiosensitive : 19,responsive : 19,highly_sensitive : 20,,,,,,,,
A11DOB7V9YBL4S,3IAS3U3I0GZQSH2IUGF20ELUC9EB2X,rejected,sexual_activity,gay : 11,heterosexual : 11,homosexual : 11,lesbian : 11,straight : 11,transgender : 11,transsexual : 11,butch : 14,homoerotic : 14,,,,,,,,,,,
A2XFO0X6RCS98M,3DUZQ9U6SN7Y6UHMTCL8S8S5DUYSVQ,rejected,recognition_1:26:00::,secret : 0,unacknowledged : 0,unsung : 0,unrecognized : 1,unconfessed : 3,accepted : 19,assumptive : 19,declarable : 19,self-confessed : 19,acknowledged : 20,given : 20,putative : 20,,,,,,,,
A3QJ14Y7N8VQ42,382M9COHEIYXJWN4NRRY75M7YWFUE1,rejected,recognition_1:26:00::,secret : 0,unacknowledged : 0,unconfessed : 0,unsung : 0,unrecognized : 1,assumptive : 10,given : 13,declarable : 14,self-confessed : 17,accepted : 19,putative : 19,acknowledged : 20,,,,,,,,
A1EQ2HDHF2WWSY,3U84XHCDIDWWDTKL48ETFBPVNP0Z4P,rejected,recognition_1:26:00::,secret : 0,unacknowledged : 0,unconfessed : 0,unsung : 0,unrecognized : 1,accepted : 19,declarable : 19,putative : 19,acknowledged : 20,assumptive : 20,given : 20,self-confessed : 20,,,,,,,,
A2XFO0X6RCS98M,3BC8WZX3V4FUC80S53GT11Y66M1RR7,rejected,reasonableness_1:07:00::,indefensible : 0,senseless : 0,unreasonable : 0,counterintuitive : 1,undue : 1,tenable : 18,sound : 19,commonsense : 20,reasonable : 20,,,,,,,,,,,
A1ZKYRW46JBCDV,3OB0CAO74I8QKFYBNTWTVTPXM0IYHJ,rejected,reasonableness_1:07:00::,counterintuitive : 0,indefensible : 0,senseless : 0,tenable : 0,undue : 0,reasonable : 1,unreasonable : 1,sound : 19,commonsense : 20,,,,,,,,,,,
AOO53KIMNLQNM,3ZQIG0FLQFZRDBYVDHV9PXVQJ8JVWZ,rejected,complexity_1:07:00::,simple : 0,colonial : 1,simplex : 2,unsophisticated : 2,gordian : 9,interlocking : 10,analyzable : 11,intricate : 12,thickening : 13,multifactorial : 14,involved : 15,multiplex : 15,compound : 17,composite : 18,complex : 19,complicated : 19,daedal : 19,unanalyzable : 19,labyrinthian : 20,
A37WXDYYT7RCZ0,3AAPLD8UCD0U3TZHDN9UNCXI7Y0THP,rejected,complexity_1:07:00::,simplex : 0,analyzable : 4,colonial : 4,simple : 4,unsophisticated : 4,thickening : 18,unanalyzable : 18,complex : 19,complicated : 19,composite : 19,compound : 19,daedal : 19,interlocking : 19,involved : 19,multifactorial : 19,multiplex : 19,gordian : 20,intricate : 20,labyrinthian : 20,
A1EQ2HDHF2WWSY,3S06PH7KSSNCITI6P86UQLZPNNH1DG,rejected,sex_1:07:00::,asexual : 0,hermaphrodite : 0,neuter : 0,priapic : 0,agamic : 1,pseudohermaphrodite : 1,gynandromorphic : 2,unisex : 2,androgynous : 13,intersexual : 18,female : 19,fissiparous : 19,male : 19,phallic : 19,bisexual : 20,egg-producing : 20,pistillate : 20,sexual : 20,staminate : 20,
A61GHYNS1DFT7,3ZV9H2YQQEQ712WCT7P36237SN13WJ,rejected,12,neuter : 0,agamic : 2,asexual : 2,fissiparous : 4,androgynous : 6,priapic : 10,vegetal : 10,hermaphrodite : 12,intersexual : 12,phallic : 12,pseudohermaphrodite : 12,bisexual : 14,gynandromorphic : 14,staminate : 14,unisex : 14,female : 16,male : 16,egg-producing : 18,sexual : 18,
A03922113RU44GENR8ATX,3KJYX6QCMAU57RYW6ICU071IHBKJV0,rejected,3,androgynous : 0,neuter : 0,agamic : 1,asexual : 1,pseudohermaphrodite : 1,bisexual : 2,hermaphrodite : 2,gynandromorphic : 5,unisex : 5,staminate : 6,intersexual : 14,egg-producing : 17,priapic : 18,vegetal : 18,female : 19,fissiparous : 19,male : 19,phallic : 19,sexual : 20,
A3OE4LKJ2ORFZS,39L1G8WVWRAE01G9WJ0IDCDDWAS13I,rejected,nobility_1:07:00::,ignoble : 0,mean : 5,dignifying : 20,grand : 20,noble : 20,,,,,,,,,,,,,,,
A1EQ2HDHF2WWSY,31EUONYN2WMJ82PTMV4Z83I4G5UOVO,rejected,equality_1:07:00::,anisometric : 0,nonequivalent : 0,unequal : 0,unbalanced : 1,uneven : 1,close : 17,even : 18,half-and-half : 18,coequal : 19,isoclinal : 19,odds-on : 19,equal : 20,equidistant : 20,equilateral : 20,equivalent : 20,isochronal : 20,isometric : 20,,,
A1ZKYRW46JBCDV,37M28K1J0RWLF3VYVNLY4KN5W2XJAF,rejected,equality_1:07:00::,coordinate : 0,unequal : 0,anisometric : 1,isochronal : 1,nonequivalent : 1,uneven : 1,isoclinal : 2,odds-on : 2,unbalanced : 2,close : 9,half-and-half : 9,isometric : 14,isothermal : 17,coequal : 19,equidistant : 19,equal : 20,equilateral : 20,equivalent : 20,even : 20,quits : 20
A11DOB7V9YBL4S,3COPXFW7XCVNDR7I2R37VUCDACKKPG,rejected,equality_1:07:00::,anisometric : 0,unequal : 0,unbalanced : 3,uneven : 3,close : 13,equal : 13,equivalent : 13,even : 13,coequal : 20,equilateral : 20,half-and-half : 20,isometric : 20,,,,,,,,
A2XFO0X6RCS98M,32EYX73OY1SMS0S99XBY6CLQDL5RUB,rejected,cubicity_1:07:00::,isometric : 6,solid : 19,blocky : 20,boxy : 20,brick-shaped : 20,cube-shaped : 20,cubic : 20,,,,,,,,,,,,,
A1ZKYRW46JBCDV,33C7UALJVMH01YMF80VE4TLOCWK18A,rejected,cubicity_1:07:00::,solid : 5,isometric : 12,boxy : 16,brick-shaped : 16,blocky : 19,cube-shaped : 20,cubic : 20,,,,,,,,,,,,,
A03922113RU44GENR8ATX,3ZPBJO59KQKNM43KRX9FI8FW4CDHDV,rejected,19,isometric : 1,solid : 15,brick-shaped : 18,blocky : 19,cube-shaped : 20,cubic : 20,,,,,,,,,,,,,,
A03922113RU44GENR8ATX,3R2UR8A0IBZBCRUOMA5HWOFPWG2XO0,rejected,19,natural : 0,unaffected : 0,unselfconscious : 1,unstilted : 1,unmannered : 3,elocutionary : 16,mannered : 18,plummy : 18,artificial : 19,forced : 19,affected : 20,,,,,,,,,
AKSJ3C5O3V9RB,33UKMF931A3K82QCDHQJ1V06ISVTTZ,rejected,20,natural : 0,unstilted : 0,unaffected : 1,unselfconscious : 1,unmannered : 2,elocutionary : 18,forced : 18,plummy : 18,affected : 19,mannered : 19,artificial : 20,,,,,,,,,
A37WXDYYT7RCZ0,3YGXWBAF710J509BCUUL4DOAE7FC44,rejected,pitch_1:07:00::,contrabass : 2,baritone : 3,deep : 3,low : 3,throaty : 3,tenor : 10,alto : 18,high : 18,pinched : 18,peaky : 19,sharp : 19,soprano : 19,altissimo : 20,falsetto : 20,screechy : 20,sopranino : 20,,,,
A3RS7UCO7CQ74R,3X3OR7WPZ0JDR5QJ1ADXO8U2A2OL8Z,rejected,pitch_1:07:00::,contrabass : 0,deep : 0,low : 0,baritone : 2,falsetto : 4,tenor : 4,sharp : 16,altissimo : 18,alto : 18,high : 20,sopranino : 20,soprano : 20,,,,,,,,
A2XFO0X6RCS98M,3B1NLC6UG0FIB5BZC0ISX2KK3V2PGH,rejected,virtue_1:07:02::,fallen : 0,licentious : 0,unchaste : 0,light : 2,cyprian : 19,,,,,,,,,,,,,,,
A1ZKYRW46JBCDV,3COPXFW7XCVNDR7I2R37VUCDACJPKK,rejected,virtue_1:07:02::,light : 0,fallen : 1,licentious : 1,cyprian : 17,unchaste : 19,,,,,,,,,,,,,,,
A3FCZNB9E8K3CX,3IXEICO7932E64F0H4IQQL8SYKL6T2,rejected,difficulty_1:07:00::,catchy : 0,tall : 0,delicate : 1,fractious : 2,tight : 2,awkward : 3,thorny : 3,troublesome : 4,vexed : 4,ambitious : 5,rough : 5,trying : 8,hard : 13,hard-fought : 15,tough : 15,herculean : 18,serious : 18,arduous : 19,,
A11DOB7V9YBL4S,30LB5CDZNDTFE52KL7RR38ZI6DKZ09,rejected,difficulty_1:07:00::,arduous : 13,awkward : 13,troublesome : 13,hard : 15,serious : 15,thorny : 15,tough : 15,fractious : 18,hard-fought : 18,vexed : 18,herculean : 20,,,,,,,,,
A3BJNFU4T7RU11,3SPJ033422MMBLT1BTZE765CZSMJY9,rejected,measure_1:03:00::,inferior : 2,nonnormative : 4,nonstandard : 4,modular : 13,regular : 13,stock : 13,regulation : 19,standard : 19,,,,,,,,,,,,
A2XFO0X6RCS98M,33SA9F9TRYDAB0C9IR6ZPT74JCQWE2,rejected,measure_1:03:00::,inferior : 0,nonnormative : 1,nonstandard : 1,modular : 18,standard : 19,regular : 20,regulation : 20,stock : 20,,,,,,,,,,,,
A3VE5OH94HYHET,3ON104KXQLFSJYFGTLUMG7VD6NX4W5,rejected,measure_1:03:00::,inferior : 0,stock : 0,modular : 1,nonstandard : 2,nonnormative : 4,standard : 17,regular : 19,regulation : 20,,,,,,,,,,,,
A1ZKYRW46JBCDV,3X87C8JFV7U61ML57DRYMLTXW2ISQV,rejected,pitch_1:07:00::,deep : 0,pinched : 0,screechy : 0,sopranino : 0,tenor : 0,throaty : 0,contrabass : 1,altissimo : 19,alto : 19,falsetto : 19,high : 19,low : 19,peaky : 19,soprano : 19,baritone : 20,sharp : 20,,,,
A03922113RU44GENR8ATX,3L4PIM1GQUZ399CEJY8N9XR399JRYC,rejected,11,baritone : 0,contrabass : 1,low : 1,deep : 2,throaty : 3,tenor : 7,altissimo : 12,high : 17,pinched : 17,peaky : 18,sharp : 18,screechy : 19,sopranino : 19,soprano : 19,falsetto : 20,,,,,
A1EQ2HDHF2WWSY,33LKR6A5KF3JZIE3BY69VPHBQ951TZ,rejected,comfort_1:26:00::,miserable : 0,painful : 0,uncomfortable : 0,uneasy : 0,bad : 1,comfortless : 1,easy : 18,homely : 19,warm : 19,comfortable : 20,snug : 20,soothing : 20,,,,,,,,
A37WXDYYT7RCZ0,3VNL7UK1XG2APX8BIXLUKRL5RJNTFR,rejected,comfort_1:26:00::,miserable : 0,uneasy : 0,bad : 4,comfortless : 4,painful : 4,uncomfortable : 4,comfortable : 19,easy : 19,homely : 19,warm : 19,snug : 20,soothing : 20,,,,,,,,
A154X03NKVZZL1,30OG32W0SVUKO63VQQFCTAUDQ0NENU,rejected,loyalty_1:07:00::,leal : 0,traitorous : 0,disloyal : 1,mutinous : 1,recreant : 6,doglike : 12,allegiant : 15,liege : 16,loyal : 17,true-blue : 18,rebellious : 19,hard-core : 20,subversive : 20,,,,,,,
A11DOB7V9YBL4S,37FMASSAYDAU32GKJJ0UNUSB14GIBI,rejected,loyalty_1:07:00::,disloyal : 0,rebellious : 0,traitorous : 0,mutinous : 3,recreant : 3,subversive : 3,doglike : 17,loyal : 17,allegiant : 20,leal : 20,,,,,,,,,,
A32QJF67JMJFKX,3ZOTGHDK5JU3GA8PS0ZUXGYXH10SON,rejected,18,inferior : 0,regulation : 0,standard : 0,stock : 0,regular : 1,nonnormative : 19,nonstandard : 20,,,,,,,,,,,,,
A3QJ14Y7N8VQ42,3WR9XG3T64UDTJEFLDMAORWWDXW74G,rejected,measure_1:03:00::,inferior : 1,regular : 10,standard : 10,stock : 10,,,,,,,,,,,,,,,,
A03922113RU44GENR8ATX,3HL8HNGX46KR5IZXKRGDTRKTXCLF9E,rejected,0,infrangible : 1,shatterproof : 1,delicate : 18,brittle : 19,friable : 19,splintery : 19,breakable : 20,frangible : 20,,,,,,,,,,,,
A2XFO0X6RCS98M,3C44YUNSI28FZL18AAHKRHHNQ3MPD7,rejected,measure_1:03:00::,inferior : 1,nonnormative : 2,nonstandard : 2,modular : 13,regular : 17,standard : 17,regulation : 19,stock : 19,,,,,,,,,,,,
A3VE5OH94HYHET,3DI28L7YXBXHAZW6L3HEW3HAN0VE11,rejected,measure_1:03:00::,inferior : 0,stock : 0,regular : 17,modular : 20,nonstandard : 20,regulation : 20,standard : 20,,,,,,,,,,,,,
A37EV8RZ82WT8E,3RSDURM96B5E0579XSONAQSKUKQYE3,rejected,olfactory_property,honey-scented : 0,inodorous : 0,non-aromatic : 0,alliaceous : 10,candy-scented : 15,mint-scented : 17,almond-scented : 18,cedar-scented : 18,ginger-scented : 18,musk-scented : 18,balsam-scented : 19,cinnamon-scented : 19,clove-scented : 19,anise-scented : 20,apple-scented : 20,lemon-scented : 20,odorous : 20,pleasant-smelling : 20,scented : 20,smelling : 20
A3N8JP3QR3VPE8,308XBLVESJN7W1J396U31MT2O0YRBU,rejected,olfactory_property,non-aromatic : 1,honey-scented : 2,cinnamon-scented : 3,anise-scented : 4,apple-scented : 5,musk-scented : 6,odorous : 7,inodorous : 9,lemon-scented : 10,clove-scented : 11,almond-scented : 12,candy-scented : 13,mint-scented : 14,ginger-scented : 15,alliaceous : 16,pleasant-smelling : 17,smelling : 18,balsam-scented : 19,cedar-scented : 20,
AAQGJMHR8PBNE,37UQDCYH6YECNWXU59NXXHW9QGL7VI,rejected,stature_1:07:02::,little : 0,squat : 0,half-length : 1,squab : 1,pint-sized : 2,short-stalked : 2,lanky : 17,leggy : 17,thick : 17,long : 18,long-stalked : 19,stately : 19,tall : 20,,,,,,,
A2XFO0X6RCS98M,3S4AW7T80C1C843HP7NK7WEX8GT4LC,rejected,stature_1:07:02::,little : 0,pint-sized : 0,short-stalked : 0,squab : 1,squat : 1,stately : 1,thick : 1,half-length : 5,in_height : 19,leggy : 19,long : 19,lanky : 20,long-stalked : 20,tall : 20,,,,,,
A03922113RU44GENR8ATX,3JNQLM5FT5525QOULT4WEHHZO2X2LE,rejected,18,little : 0,squat : 1,half-length : 2,pint-sized : 2,short-stalked : 3,long : 15,stately : 16,leggy : 17,lanky : 19,thick : 19,long-stalked : 20,tall : 20,,,,,,,,
A2XFO0X6RCS98M,3BEFOD78W7CWEML2PJOZ79TM8LJ4ME,rejected,appropriateness_1:07:00::,inappropriate : 0,unbefitting : 0,wrong : 0,malapropos : 1,inapposite : 3,pat : 17,apropos : 19,grade-appropriate : 19,appropriate : 20,befitting : 20,pertinent : 20,right : 20,,,,,,,,
A11DOB7V9YBL4S,3ZDAD0O1T2WRPJZWIRRGQYLCVOJXTM,rejected,appropriateness_1:07:00::,inapposite : 0,inappropriate : 0,wrong : 0,malapropos : 3,unbefitting : 3,appropriate : 15,grade-appropriate : 15,pertinent : 17,right : 17,apropos : 19,befitting : 19,,,,,,,,,
A2XFO0X6RCS98M,3OWEPKL08AVZFROL3I16N02W4DJ7N1,rejected,sensitivity_1:12:00::,callous : 0,dead : 0,dull : 0,thick-skinned : 0,unaffected : 0,insensitive : 1,soulless : 1,alive : 19,oversensitive : 20,sensitive : 20,touchy : 20,,,,,,,,,
A1ZKYRW46JBCDV,3NAPMVF0ZXY3Q5ZSHZ3MVCZYTIS72A,rejected,sensitivity_1:12:00::,callous : 0,dead : 0,soulless : 0,thick-skinned : 0,dull : 1,insensitive : 1,sensitive : 1,oversensitive : 8,alive : 12,touchy : 14,unaffected : 19,,,,,,,,,
A37WXDYYT7RCZ0,39PAAFCODNJZLUU1ICQY2DORFDBTVF,rejected,sensitivity_1:12:00::,dead : 0,soulless : 0,callous : 1,thick-skinned : 1,unaffected : 1,dull : 2,insensitive : 2,alive : 16,sensitive : 18,oversensitive : 20,touchy : 20,,,,,,,,,
A151IWEMV5XRTA,3KRVW3HTZO4FG7NDFKKH5C9SM1LMS2,rejected,valence_1:07:02::,univalent : 12,monovalent : 13,polyvalent : 14,multivalent : 15,,,,,,,,,,,,,,,,
A03922113RU44GENR8ATX,3WJEQKOXA9LEKMFU5YFS0KRJ2KKA1N,rejected,16,multivalent : 18,univalent : 19,monovalent : 20,polyvalent : 20,,,,,,,,,,,,,,,,
AKSJ3C5O3V9RB,3Z4AIRP3C7WQGZNNG876KS2H35SX1D,rejected,19,monovalent : 0,univalent : 0,multivalent : 20,polyvalent : 20,,,,,,,,,,,,,,,,
A11DOB7V9YBL4S,3OUYGIZWR8HL010EYYTPCAX4WEE0PQ,rejected,olfactory_property,inodorous : 0,non-aromatic : 0,odorous : 16,pleasant-smelling : 16,scented : 16,smelling : 20,,,,,,,,,,,,,,
A1ZKYRW46JBCDV,3GFK2QRXXA0AFHJG7QDWLZ1R6KNW5Z,rejected,olfactory_property,inodorous : 0,non-aromatic : 0,alliaceous : 20,almond-scented : 20,anise-scented : 20,apple-scented : 20,balsam-scented : 20,candy-scented : 20,cedar-scented : 20,cinnamon-scented : 20,clove-scented : 20,ginger-scented : 20,honey-scented : 20,lemon-scented : 20,mint-scented : 20,musk-scented : 20,odorous : 20,pleasant-smelling : 20,scented : 20,smelling : 20
A3VE5OH94HYHET,3QAVNHZ3ENNRATJYY8XBKZ0X0QOLA3,rejected,olfactory_property,inodorous : 0,non-aromatic : 0,anise-scented : 12,cinnamon-scented : 12,apple-scented : 13,balsam-scented : 13,candy-scented : 13,cedar-scented : 13,almond-scented : 14,ginger-scented : 14,honey-scented : 14,mint-scented : 14,clove-scented : 15,lemon-scented : 15,musk-scented : 15,pleasant-smelling : 15,odorous : 18,scented : 20,smelling : 20,
A3FCZNB9E8K3CX,3HVVDCPGTFBGPOP6NNDI9CSLXUDYTT,rejected,position_1:07:01::,couchant : 0,erectile : 0,rampant : 0,weeping : 0,passant : 1,procumbent : 2,bent : 4,stooping : 4,fastigiate : 7,sleeping : 11,semi-climbing : 12,straight : 13,orthostatic : 14,supine : 14,semi-erect : 15,standing : 17,vertical : 17,flat : 19,prone : 19,recumbent : 19
A11DOB7V9YBL4S,3LJ7UR74RIW2W4621K3ZKOIMDCON4U,rejected,position_1:07:01::,passant : 1,bent : 5,couchant : 5,rampant : 5,stooping : 5,supine : 5,fastigiate : 11,flat : 11,recumbent : 11,sleeping : 11,standing : 11,straight : 11,vertical : 11,erectile : 16,orthostatic : 16,,,,,
A3RS7UCO7CQ74R,3LYA37P8IR6L9X68JML60A7OT88BKP,rejected,quantity_1:07:00::,lean : 1,plentiful : 1,short : 1,light : 3,low : 3,rare : 3,insufficient : 5,scarce : 5,shy : 5,abundant : 15,exuberant : 17,long : 17,sufficient : 17,comfortable : 19,enough : 19,rich : 19,,,,
A03922113RU44GENR8ATX,3N2BF7Y2VRDQQY9X4Q8I1Y2QDQ5HMD,rejected,3,scarce : 0,insufficient : 1,lean : 1,low : 2,light : 3,easy : 4,short : 4,shy : 4,rank : 9,long : 15,enough : 16,thick : 16,exuberant : 18,sufficient : 18,comfortable : 19,plentiful : 19,rich : 19,abundant : 20,tight : 20,
A3GLMBZSG3VU4P,39OWYR0EPLA66J75S38TS8DK6L5YFL,rejected,length_1:07:00::,brief : 0,close : 0,short-range : 0,short : 1,stubby : 1,oblong : 9,long-range : 15,far : 17,extended : 18,long-handled : 19,truncated : 19,elongated : 20,long : 20,stretch : 20,,,,,,
A1ZKYRW46JBCDV,3X4MXAO0BH7ZK4HE4XQZO06NY1GRWA,rejected,length_1:07:00::,brief : 0,lank : 0,long-snouted : 0,short-range : 0,curtal : 1,oblong : 1,polysyllabic : 1,short : 1,stubby : 1,stretch : 4,far : 6,extended : 10,close : 13,long-handled : 13,long-staple : 13,long-wool : 13,long-range : 19,truncated : 19,elongated : 20,long : 20
A1ZKYRW46JBCDV,3U088ZLJVLCBKAXFAK7K4450PBH0WL,rejected,similarity_1:07:00::,dissimilar : 0,sympathetic : 0,akin : 1,confusable : 1,connatural : 19,similar : 19,corresponding : 20,quasi : 20,,,,,,,,,,,,
A40LU73SS18IW,3T3IWE1XG767GMYKWDWOWQPJYLWTQL,rejected,similarity_1:07:00::,dissimilar : 0,confusable : 1,quasi : 4,sympathetic : 14,corresponding : 17,akin : 20,similar : 20,,,,,,,,,,,,,
A2XFO0X6RCS98M,3Z7VU45IPZ0FLUN2HQVRHDISB5R1ZF,rejected,comprehensiveness_1:26:00::,door-to-door : 18,general : 18,plenary : 18,super : 18,citywide : 19,countywide : 19,large : 19,schoolwide : 19,statewide : 19,wide : 19,all-round : 20,comprehensive : 20,encyclopedic : 20,nationwide : 20,omnibus : 20,spaciotemporal : 20,umbrella : 20,,,
A3FCZNB9E8K3CX,3YGXWBAF710J509BCUUL4DOAE7F4CW,rejected,comprehensiveness_1:26:00::,door-to-door : 0,plenary : 0,super : 1,large : 3,wide : 3,schoolwide : 4,umbrella : 4,all-round : 6,general : 6,citywide : 8,countywide : 9,statewide : 15,nationwide : 16,omnibus : 19,comprehensive : 20,encyclopedic : 20,spaciotemporal : 20,,,
A1EZRTSWXP7LJJ,31QNSG6A5SCECK1HXGCN53C1FIK87E,rejected,comprehensiveness_1:26:00::,large : 1,all-round : 2,super : 3,encyclopedic : 4,statewide : 5,general : 6,plenary : 7,countywide : 10,schoolwide : 11,comprehensive : 12,umbrella : 14,door-to-door : 15,citywide : 16,omnibus : 17,nationwide : 18,wide : 19,spaciotemporal : 20,,,
A1ZKYRW46JBCDV,3WZ36BJEV4ZKCGWVDVZY11UKCM9BT7,rejected,quantity_1:07:00::,low : 0,rank : 0,easy : 1,lean : 1,light : 1,rare : 1,shy : 2,tight : 2,enough : 3,insufficient : 9,scarce : 9,thick : 9,rich : 14,long : 17,short : 17,comfortable : 18,sufficient : 18,abundant : 20,exuberant : 20,plentiful : 20
A03922113RU44GENR8ATX,3URFVVM1661VURE0JE5BSFNPM2OUZ7,rejected,3,insufficient : 0,easy : 1,lean : 1,scarce : 1,light : 2,shy : 2,tight : 2,low : 3,rank : 3,short : 4,enough : 17,exuberant : 17,long : 18,sufficient : 18,thick : 18,comfortable : 19,rich : 19,abundant : 20,plentiful : 20,
A1ZKYRW46JBCDV,3SKRO2GZ72AKWZOGHPSHUYUF7WE1KT,rejected,position_1:07:00::,caudal : 0,exterior : 0,internecine : 0,intrinsic : 0,out : 0,anterior : 1,back : 1,indoor : 1,innermost : 1,inside : 1,internal : 1,outside : 1,posterior : 1,satellite : 1,inner : 3,outermost : 3,external : 4,interior : 4,prefrontal : 4,frontal : 19
A11DOB7V9YBL4S,3OCHAWUVGP3SM099OIDOP7YGCCQXKG,rejected,position_1:07:00::,,,,,,,,,,,,,,,,,,,,
AB1RF17U3HM3W,3I02618YA1P1GNCUW5791HLBC3HUPM,rejected,playfulness_1:07:00::,serious : 0,arch : 11,playful : 14,coltish : 17,elfin : 17,mocking : 17,kittenish : 19,devilish : 20,,,,,,,,,,,,
A1ZKYRW46JBCDV,3ZY8KE4ISKMMTE2918W3X8D4V76QVU,rejected,status_1:26:00::,conservative : 0,controlling : 0,u : 0,under : 0,assistant : 1,associate : 1,governing : 1,paramount : 1,possessive : 1,quality : 1,secondary : 16,subordinate : 17,bourgeois : 19,dominant : 19,lower-class : 19,lower-middle-class : 19,middle-class : 19,superior : 19,supreme : 19,upper-middle-class : 19
A03922113RU44GENR8ATX,31N2WW6R9S95QGAH3IF32EH7XLW3F8,rejected,14,lower-class : 0,secondary : 2,under : 2,conservative : 3,assistant : 4,subordinate : 4,lower-middle-class : 5,middle-class : 10,upper-middle-class : 15,associate : 16,paramount : 16,controlling : 17,bourgeois : 18,governing : 18,dominant : 19,superior : 19,quality : 20,supreme : 20,,
A1ZKYRW46JBCDV,3J4Q2Z4UTZMZ832ERI1ZJAWI2GZQWV,rejected,gregariousness_1:07:00::,solitary : 0,ungregarious : 0,gregarious : 18,social : 18,,,,,,,,,,,,,,,,
A1KGCOR8OXYR72,3QAPZX2QN5WP8UZ8W0IDGXPBL5720S,rejected,gregariousness_1:07:00::,solitary : 0,ungregarious : 0,social : 17,gregarious : 19,,,,,,,,,,,,,,,,
A03922113RU44GENR8ATX,3KIBXJ1WD6D5SRVHNRQS6U7N088OKP,rejected,0,solitary : 1,social : 19,gregarious : 20,,,,,,,,,,,,,,,,,
A37WXDYYT7RCZ0,30LB5CDZNDTFE52KL7RR38ZI6EDZ04,rejected,modernity_1:07:00::,red-brick : 2,modern : 18,contemporary : 19,neo : 20,ultramodern : 20,,,,,,,,,,,,,,,
A3VE5OH94HYHET,3KGTPGBS6Y45OGBOU7WX54DI1UI2U2,rejected,modernity_1:07:00::,ultramodern : 19,contemporary : 20,modern : 20,,,,,,,,,,,,,,,,,
A1KGCOR8OXYR72,39U1BHVTDMAF9LSIY2KSJIW8OU43TG,rejected,separation_1:26:00::,unaccompanied : 18,disjoint : 19,distinct : 19,apart : 20,asunder : 20,isolated : 20,separate : 20,,,,,,,,,,,,,
A2XFO0X6RCS98M,3RSDURM96B5E0579XSONAQSKULIEYD,rejected,separation_1:26:00::,apart : 19,asunder : 19,disjoint : 19,unaccompanied : 19,distinct : 20,isolated : 20,separate : 20,,,,,,,,,,,,,
A4FGOT6ID768H,37Z929RLGARJT2DXOHLTRQ4KGAAST4,rejected,20,distinct : 3,isolated : 3,disjoint : 14,unaccompanied : 14,apart : 20,separate : 20,,,,,,,,,,,,,,
A3BJNFU4T7RU11,31N2WW6R9S95QGAH3IF32EH7XL0F3O,rejected,immediacy_1:07:02::,indirect : 0,mediate : 0,direct : 20,immediate : 20,,,,,,,,,,,,,,,,
A03922113RU44GENR8ATX,34PGFRQONPUIMGY1WSHQM9KWOL7WJA,rejected,20,indirect : 0,mediate : 1,direct : 19,,,,,,,,,,,,,,,,,
A2XFO0X6RCS98M,33L7PJKHCHH1AIYOAJFOAZ4J4GZ8TG,rejected,ambition_1:07:00::,ambitionless : 0,shiftless : 0,wishful : 19,ambitious : 20,determined : 20,overambitious : 20,pushful : 20,would-be : 20,,,,,,,,,,,,
A4T1X0PO5N1G9,3IKZ72A5B5ZCUK3RL1ZIBSFD22TFN6,rejected,ambition_1:07:00::,ambitionless : 0,shiftless : 0,wishful : 14,pushful : 18,would-be : 18,ambitious : 19,overambitious : 20,,,,,,,,,,,,,
A3BVPQFBYGWJWX,3QRYMNZ7FZ0MDPLSGL47SWUETB3TNU,rejected,drama_1:07:00::,undramatic : 0,unspectacular : 2,spectacular : 18,dramatic : 19,hammy : 20,melodramatic : 20,,,,,,,,,,,,,,
A2XFO0X6RCS98M,337RC3OW06LB2HMW93O7GMEAL1JLV0,rejected,drama_1:07:00::,undramatic : 0,unspectacular : 0,hammy : 19,melodramatic : 19,dramatic : 20,spectacular : 20,,,,,,,,,,,,,,
A38NFX88VZDMJ3,3GD6L00D3TGFMNOJ215X9BMJW2TM15,rejected,drama_1:07:00::,dramatic : 0,melodramatic : 1,hammy : 2,undramatic : 2,spectacular : 18,unspectacular : 18,,,,,,,,,,,,,,
A5P60L5IKHR34,3HYA4D452S2G5YEYZI1YJ4CFR702F0,rejected,kindness_1:07:00::,unsympathetic : 2,hurtful : 4,unkind : 5,benign : 6,cutting : 9,rough : 9,gracious : 15,sympathetic : 18,gentle : 19,kind : 20,kind-hearted : 20,,,,,,,,,
A1ZKYRW46JBCDV,3ATPCQ38J9TBASQXHNM1E72T96EAY8,rejected,kindness_1:07:00::,benign : 0,rough : 0,unkind : 0,unsympathetic : 0,cutting : 1,hurtful : 1,gentle : 20,gracious : 20,kind : 20,kind-hearted : 20,sympathetic : 20,,,,,,,,,
A3VE5OH94HYHET,3HVVDCPGTFBGPOP6NNDI9CSLXV6TYJ,rejected,kindness_1:07:00::,cutting : 0,hurtful : 0,rough : 0,unkind : 0,benign : 1,unsympathetic : 2,gentle : 18,kind-hearted : 19,gracious : 20,kind : 20,sympathetic : 20,,,,,,,,,
A1KGCOR8OXYR72,3GM6G9ZBKOGGV70S4KP7FH5EOLKTML,rejected,perfection_1:26:00::,broken : 0,corrupt : 0,down : 0,blemished : 1,faulty : 1,imperfect : 1,irregular : 5,clean : 18,clear : 18,complete : 19,ideal : 19,uncorrupted : 19,errorless : 20,flawless : 20,idyllic : 20,impeccable : 20,mint : 20,perfect : 20,pluperfect : 20,
AR75XTT2KAUL2,3IO1LGZLKAGV8KNCE67VZPC5K8L680,rejected,perfection_1:26:00::,broken : 0,faulty : 0,imperfect : 0,blemished : 2,irregular : 6,complete : 11,clean : 13,uncorrupted : 15,ideal : 17,errorless : 19,flawless : 19,impeccable : 19,mint : 20,perfect : 20,pluperfect : 20,,,,,
A03922113RU44GENR8ATX,3IKZ72A5B5ZCUK3RL1ZIBSFD22RFN4,rejected,18,corrupt : 0,imperfect : 0,faulty : 1,irregular : 1,blemished : 2,broken : 2,down : 3,clean : 16,complete : 17,clear : 18,uncorrupted : 18,flawless : 19,impeccable : 19,pluperfect : 19,ideal : 20,idyllic : 20,mint : 20,perfect : 20,,
A1VFD3FN03ILUP,3NS0A6KXC5RCP9D5Z9GUO0MYDVVZG0,rejected,handiness_1:07:00::,inaccessible : 0,unobtainable : 0,unavailable : 5,available : 10,ready : 10,accessible : 15,acquirable : 15,obtainable : 15,come-at-able : 20,forthcoming : 20,handy : 20,in_stock : 20,,,,,,,,
AOO53KIMNLQNM,378XPAWRUDWPKSBSD50YSJ85JNMIAG,rejected,handiness_1:07:00::,unobtainable : 0,inaccessible : 2,unavailable : 2,pathless : 4,easy : 13,approachable : 14,obtainable : 15,open : 15,visible : 15,addressable : 16,come-at-able : 16,for_sale : 16,acquirable : 17,forthcoming : 18,ready : 19,accessible : 20,available : 20,handy : 20,in_stock : 20,remote : 20
A03922113RU44GENR8ATX,3HRMW88U179FFY316I1XV639RANM02,rejected,17,unavailable : 0,available : 1,unobtainable : 1,inaccessible : 2,remote : 2,pathless : 4,for_sale : 14,in_stock : 14,addressable : 16,come-at-able : 16,open : 16,acquirable : 17,obtainable : 17,approachable : 18,forthcoming : 18,ready : 18,visible : 18,accessible : 19,handy : 20,
A3F710EVFD9MM2,39L1G8WVWRAE01G9WJ0IDCDDWBL13D,rejected,essentiality_1:07:00::,inessential : 0,virtual : 0,accessorial : 1,no-frills : 4,incidental : 7,primary : 16,staple : 17,essential : 19,must : 20,substantial : 20,vital : 20,,,,,,,,,
A3BJNFU4T7RU11,3VNL7UK1XG2APX8BIXLUKRL5RKDFT5,rejected,essentiality_1:07:00::,adscititious : 0,inessential : 0,accessorial : 1,no-frills : 1,organic : 1,incidental : 2,virtual : 2,primary : 18,essential : 19,substantial : 19,must : 20,staple : 20,vital : 20,,,,,,,
A11DOB7V9YBL4S,3MTMREQS4W17LNVX2M4DTAHDYYOAWJ,rejected,essentiality_1:07:00::,inessential : 0,accessorial : 5,adscititious : 5,incidental : 13,no-frills : 13,organic : 13,must : 18,primary : 18,staple : 18,substantial : 18,essential : 20,vital : 20,,,,,,,,
A11DOB7V9YBL4S,3VP0C6EFSHFAT9PG87HE47D04D9M63,rejected,awareness_1:09:00::,unaware : 0,unconscious : 0,oblivious : 4,unsuspecting : 4,conscious : 17,sensible : 17,alive : 20,aware : 20,,,,,,,,,,,,
A1CQ8Y91CKXHWJ,3SB5N7Y3O4NFNO7FVF32I1JCVOHG0U,rejected,awareness_1:09:00::,oblivious : 0,unconscious : 0,unaware : 1,unsuspecting : 8,alive : 11,conscious : 12,aware : 20,,,,,,,,,,,,,
A3VE5OH94HYHET,30MVJZJNHNW7AKLT3H7Y8PCLQTW9JP,rejected,awareness_1:09:00::,unaware : 0,unconscious : 0,unsuspecting : 1,sensible : 17,alive : 18,conscious : 19,oblivious : 19,aware : 20,,,,,,,,,,,,
A1EQ2HDHF2WWSY,3TPWUS5F8AKVE2SVM004Z571Y11WCZ,rejected,continuity_1:07:00::,straight : 18,constant : 19,continual : 19,persisting : 19,sustained : 19,continuous : 20,endless : 20,nonstop : 20,,,,,,,,,,,,
A1CACVD2OGEOXR,3IAS3U3I0GZQSH2IUGF20ELUC942BE,rejected,continuity_1:07:00::,straight : 15,constant : 17,continual : 17,continuous : 17,persisting : 17,sustained : 17,endless : 20,nonstop : 20,,,,,,,,,,,,
A11DOB7V9YBL4S,3SKRO2GZ72AKWZOGHPSHUYUF7X3K13,rejected,continuity_1:07:00::,constant : 10,straight : 10,sustained : 10,continual : 15,continuous : 15,persisting : 15,endless : 20,nonstop : 20,,,,,,,,,,,,
A3VE5OH94HYHET,37UEWGM5HUR6J31B791EVAGT2PU1RA,rejected,difference_1:07:00::,several : 0,disparate : 1,contrary : 5,distinct : 13,antithetical : 15,divergent : 17,different : 19,diverse : 19,various : 19,contrasting : 20,opposite : 20,,,,,,,,,
A2XFO0X6RCS98M,37QW5D2ZRH50VIL9LJAY0U8X2XOS8E,rejected,difference_1:07:00::,antithetical : 19,diverse : 19,several : 19,various : 19,contrary : 20,contrasting : 20,different : 20,disparate : 20,distinct : 20,divergent : 20,opposite : 20,,,,,,,,,
ADKKDK6P4MS1Z,3EA3QWIZ4JEUZOA1J5RFNOYX7C7TIC,rejected,difference_1:07:00::,contrary : 18,antithetical : 19,contrasting : 19,divergent : 19,diverse : 19,opposite : 19,different : 20,disparate : 20,distinct : 20,various : 20,,,,,,,,,,
A1LSEVXPEYMJL7,3GFK2QRXXA0AFHJG7QDWLZ1R6KJ5W4,rejected,importance_1:07:00::,little : 0,unimportant : 0,inconsequential : 1,lightweight : 1,indifferent : 2,alpha : 17,historic : 17,central : 18,chief : 18,great : 18,measurable : 18,grand : 19,important : 19,serious : 19,strategic : 19,big : 20,distinguished : 20,essential : 20,heavy : 20,
